<?xml version="1.0" encoding="UTF-8"?>
<beans xmlns="http://www.springframework.org/schema/beans"
       xmlns:xsi="http://www.w3.org/2001/XMLSchema-instance"
       xmlns:p="http://www.springframework.org/schema/p"
       xmlns:util="http://www.springframework.org/schema/util"
       xsi:schemaLocation="http://www.springframework.org/schema/beans http://www.springframework.org/schema/beans/spring-beans-2.5.xsd
                           http://www.springframework.org/schema/util http://www.springframework.org/schema/util/spring-util-2.5.xsd">
	
	<bean id="dataSource" 
         class="org.springframework.jdbc.datasource.DriverManagerDataSource">
		<property name="driverClassName" value="com.mysql.jdbc.Driver" />
		<property name="url" value="jdbc:mysql://192.168.99.23/Song" />
		<property name="username" value="root" />
		<property name="password" value="mysql" />
	</bean>
	
	<bean id="sessionFactory" class="org.springframework.orm.hibernate3.annotation.AnnotationSessionFactoryBean">
    	<property name="dataSource">
      		<ref bean="dataSource"/>
    	</property>
    	<property name="annotatedClasses">
			<list>
           		<value>com.ex.music.model.Song</value>
			</list>
      	</property>
    	<property name="hibernateProperties">
       		<props>
         		<prop key="hibernate.dialect">org.hibernate.dialect.MySQLDialect</prop>
         		<prop key="hibernate.show_sql">true</prop>
         		<prop key="hibernate.hbm2ddl.auto">update</prop>
       		</props>
     	</property>
     		
	</bean>
	<bean id="hibernateTemplate" class="org.springframework.orm.hibernate3.HibernateTemplate" >
		<property name="sessionFactory" ref = "sessionFactory"></property>
	</bean>
	
	<bean id="musicManagerDao" class ="com.ex.music.dao.MusicManagerDaoImpl">
			<constructor-arg ref = "hibernateTemplate" />
	</bean>
	
	<bean id="musicManagerService" class ="com.ex.music.app.MusicManagerServiceImpl">
			<constructor-arg ref="musicManagerDao" />
	</bean>
	
	<bean id="exporter"
        class="org.springframework.jmx.export.MBeanExporter">
        
        <property name="beans">
            <map>
                <entry key="application.music:service=musicmanager"
                    value-ref="musicManagerService" />
            </map>
        </property>
        <property name="assembler">
            <bean
                class="org.springframework.jmx.export.assembler.InterfaceBasedMBeanInfoAssembler">
              	<property name="interfaceMappings">
                    <props>
                        <prop
                            key="application.music:service=musicmanager">
                            com.ex.music.api.MusicManagerService
                        </prop>
                        </props>
                </property>
            </bean>
         </property>
         </bean>
         <bean id="registry" class="org.springframework.remoting.rmi.RmiRegistryFactoryBean">
			<property name="port" value="7777" />
		</bean> 
		
   		<bean id="serverConnector"
         class="org.springframework.jmx.support.ConnectorServerFactoryBean"
         depends-on="registry"
         p:objectName="connector:name=rmi"
         p:serviceUrl="service:jmx:rmi://localhost/jndi/rmi://localhost:7777/musicManagerService" />
	</beans>