<?xml version="1.0" encoding="UTF-8"?>
<!DOCTYPE log4j:configuration SYSTEM "log4j.dtd">

<log4j:configuration xmlns:log4j="http://jakarta.apache.org/log4j/"
	debug="true">
	<appender name="SYSLOG" class="org.apache.log4j.net.SyslogAppender">
		<errorHandler class="org.apache.log4j.helpers.OnlyOnceErrorHandler" />
		<param name="Facility" value="LOCAL7" />
		<param name="FacilityPrinting" value="false" />
		<param name="Header" value="false" />
		<param name="SyslogHost" value="localhost:9200" />
		<param name="ConversionPattern" value="%d{MMM dd HH:mm:ss} my-app %p: %c{2} %x %m %n"/>
	</appender>

	<root>
		<level value="debug" />
		<appender-ref ref="SYSLOG" />
	</root>
</log4j:configuration>