<?xml version="1.0" encoding="UTF-8"?>
<beans xmlns="http://www.springframework.org/schema/beans"
	xmlns:xsi="http://www.w3.org/2001/XMLSchema-instance" xmlns:p="http://www.springframework.org/schema/p"
	xsi:schemaLocation="http://www.springframework.org/schema/beans  
        http://www.springframework.org/schema/beans/spring-beans-3.0.xsd">

	<!-- MusicManagerServiceImpl -->
	<bean id="MusicManagerServiceImpl" class="com.tma.service.app.MusicManagerServiceImpl">
		<constructor-arg ref="SongDaoImpl" />
	</bean>

	<!--registry -->
	<bean id="registry" class="org.springframework.remoting.rmi.RmiRegistryFactoryBean">
		<property name="port" value="1095" />
	</bean>

	<!-- Server Connect -->
	<bean id="serverConnector"
		class="org.springframework.jmx.support.ConnectorServerFactoryBean">
		<property name="objectName" value="SongDao:name=Dao" />
		<property name="serviceUrl"
			value="service:jmx:rmi:///jndi/rmi://localhost:1095/SongDao" />
	</bean>

	<!-- MBean Server -->
	<bean id="mBeanServer" class="org.springframework.jmx.support.MBeanServerFactoryBean">
		<property name="locateExistingServerIfPossible" value="true" />
	</bean>

	<!-- MBean Exporter -->
	<bean id="mBeanExporter" class="org.springframework.jmx.export.MBeanExporter">
		<property name="beans">
			<map>
				<entry key="application.tma:service=MusicManagerServiceImpl"
					value-ref="MusicManagerServiceImpl" />
			</map>
		</property>
		<property name="server" ref="mBeanServer" />
	</bean>

	<!-- Hibernate session factory -->
	<bean id="sessionFactory"
		class="org.springframework.orm.hibernate4.LocalSessionFactoryBean">
		<property name="dataSource">
			<ref bean="dataSource" />
		</property>

		<property name="hibernateProperties">
			<props>
				<prop key="hibernate.dialect">org.hibernate.dialect.MySQLDialect</prop>
				<prop key="hibernate.hbm2ddl.auto">update</prop>
				<prop key="hibernate.show_sql">true</prop>
			</props>
		</property>

		<property name="mappingResources">
			<list>
				<value>hibernate-mapping.hbm.xml</value>
			</list>
		</property>
	</bean>

	<!-- SongDaoIpml and Mbean -->
	<bean id="SongDaoImpl" class="com.tma.service.dao.SongDaoImpl">
		<constructor-arg ref="sessionFactory"></constructor-arg>
	</bean>

	<!-- Data source -->
	<bean id="dataSource" class="org.springframework.jndi.JndiObjectFactoryBean">
		<property name="jndiName">
			<value>java:/MusicDS</value>
		</property>
	</bean>

</beans>