<?xml version="1.0" encoding="utf-8"?>
<!DOCTYPE hibernate-mapping PUBLIC 
 "-//Hibernate/Hibernate Mapping DTD//EN"
 "http://www.hibernate.org/dtd/hibernate-mapping-3.0.dtd">

<hibernate-mapping>

	<class name="com.tma.service.entity.Song" table="song" lazy="false">
		<meta attribute="class-description">
			This class contains the Song detail.
		</meta>
		<id name="songId" type="int" column="SONG_ID">
			<generator class="native" />
		</id>
		<property name="songName" column="SONG_NAME" type="string" />
		<property name="songSinger" column="SONG_SINGER" type="string" />
		<property name="songYear" column="SONG_YEAR" type="string" />
	</class>

</hibernate-mapping>