<?xml version="1.0" encoding="UTF-8"?>
<module xmlns="urn:jboss:module:1.1" name="org.springframework">
    <resources>
    <resource-root path="spring-aop-4.1.4.RELEASE.jar"/>
    <resource-root path="spring-beans-4.1.4.RELEASE.jar"/>
    <resource-root path="spring-context-4.1.4.RELEASE.jar"/>
    <resource-root path="spring-context-support-4.1.4.RELEASE.jar"/>
    <resource-root path="spring-core-4.1.4.RELEASE.jar"/>
    <resource-root path="spring-expression-4.1.4.RELEASE.jar"/>
    <resource-root path="spring-jdbc-4.1.4.RELEASE.jar"/>
    <resource-root path="spring-jms-4.1.4.RELEASE.jar"/>
    <resource-root path="spring-tx-4.1.4.RELEASE.jar"/>
    <resource-root path="aopalliance-1.0.jar"/>
    <resource-root path="spring-orm-4.1.4.RELEASE.jar"/>
    <resource-root path="spring-oxm-4.1.4.RELEASE.jar"/>
	<resource-root path="spring-xml-2.1.1.RELEASE.jar"/>
    <resource-root path="spring-ws-2.1.1.RELEASE-all.jar"/>
    <resource-root path="spring-ws-core-2.1.1.RELEASE.jar"/>
	</resources>

    <dependencies>
        <module name="asm.asm"/>
        <module name="javax.jms.api"/>
        <module name="javax.api"/>
        <module name="javax.servlet.api"/>
        <module name="javax.servlet.jsp.api"/>
        <module name="javax.servlet.jstl.api"/>
        <module name="javax.transaction.api"/>
        <module name="javax.validation.api"/>
        <module name="javax.persistence.api"/>
        <module name="javax.xml.soap.api"/>
        <module name="org.antlr"/>
        <module name="org.apache.commons.collections"/>
        <module name="org.apache.commons.logging"/>
        <module name="org.dom4j"/>
        <module name="org.javassist"/>
        <module name="org.jboss.as.jpa.hibernate" slot="4"/>
        <module name="org.jboss.logging" export="true"/>
        <module name="org.hibernate.envers" services="import" optional="true"/>
        <module name="org.hibernate" export="true"/>
        <module name="org.jboss.vfs" export="true"/>
		<module name="com.tma.api" export="true"/>
    </dependencies>
</module>
